{
  "tasks": [
    {
      "isCompleted": true,
      "_id": "6198efb22957c76609650e4c",
      "item": "Learn 1",
      "userID": "618d0b4caa15ba2792829e4f",
      "createdAt": "2021-11-20T12:53:06.720Z",
      "__v": 0
    },
    {
      "isCompleted": false,
      "_id": "6198efd22957c76609650e4d",
      "item": "Learn 2",
      "userID": "618d0b4caa15ba2792829e4f",
      "createdAt": "2021-11-20T12:53:38.142Z",
      "__v": 0
    },
    {
      "isCompleted": false,
      "_id": "6198efd22957c76609650e5d",
      "item": "Learn 3",
      "userID": "618d0b4caa15ba2792829e4f",
      "createdAt": "2021-11-20T12:53:38.142Z",
      "__v": 0
    },
    {
      "isCompleted": false,
      "_id": "6198efd22957c76609650e6d",
      "item": "Learn 4",
      "userID": "618d0b4caa15ba2792829e4f",
      "createdAt": "2021-11-20T12:53:38.142Z",
      "__v": 0
    },
    {
      "isCompleted": false,
      "_id": "6198efd22957c76609650e7d",
      "item": "Learn 5",
      "userID": "618d0b4caa15ba2792829e4f",
      "createdAt": "2021-11-20T12:53:38.142Z",
      "__v": 0
    },
    {
      "isCompleted": false,
      "_id": "6198efd22957c76609650e8d",
      "item": "Learn 6",
      "userID": "618d0b4caa15ba2792829e4f",
      "createdAt": "2021-11-20T12:53:38.142Z",
      "__v": 0
    }
  ]
}
